AfiseazaClienti,2024-06-05 15:26:52
AfiseazaJocuri,2024-06-05 15:26:52
AfiseazaAchizitii,2024-06-05 15:26:52
AfiseazaVenituriTotale,2024-06-05 15:26:52
AdaugaRecenzie,2024-06-05 15:26:52
AdaugaRecenzie,2024-06-05 15:26:52
AdaugaRecenzie,2024-06-05 15:26:52
AdaugaRecenzie,2024-06-05 15:26:52
AdaugaRecenzie,2024-06-05 15:26:52
AfiseazaClienti,2024-06-05 15:27:12
AfiseazaJocuri,2024-06-05 15:27:12
AfiseazaAchizitii,2024-06-05 15:27:12
AfiseazaVenituriTotale,2024-06-05 15:27:12
AdaugaRecenzie,2024-06-05 15:27:12
AdaugaRecenzie,2024-06-05 15:27:12
AdaugaRecenzie,2024-06-05 15:27:12
AdaugaRecenzie,2024-06-05 15:27:12
AdaugaRecenzie,2024-06-05 15:27:12
AdaugaClient,2024-06-05 15:28:12
AdaugaClient,2024-06-05 15:28:12
AdaugaClient,2024-06-05 15:28:12
AdaugaClient,2024-06-05 15:28:12
AdaugaClient,2024-06-05 15:28:12
AdaugaJoc,2024-06-05 15:28:12
AdaugaJoc,2024-06-05 15:28:12
AdaugaJoc,2024-06-05 15:28:12
AdaugaJoc,2024-06-05 15:28:12
AdaugaJoc,2024-06-05 15:28:12
AdaugaJoc,2024-06-05 15:28:12
AdaugaPromotie,2024-06-05 15:28:12
AdaugaPromotie,2024-06-05 15:28:12
AdaugaPromotie,2024-06-05 15:28:12
AdaugaPromotie,2024-06-05 15:28:12
AdaugaPromotie,2024-06-05 15:28:12
AdaugaAchizitie,2024-06-05 15:28:12
AdaugaAchizitie,2024-06-05 15:28:12
AdaugaAchizitie,2024-06-05 15:28:12
AdaugaAchizitie,2024-06-05 15:28:12
AdaugaAchizitie,2024-06-05 15:28:12
AplicaPromotie,2024-06-05 15:28:13
AplicaPromotie,2024-06-05 15:28:13
AplicaPromotie,2024-06-05 15:28:13
AplicaPromotie,2024-06-05 15:28:13
AfiseazaClienti,2024-06-05 15:28:13
AfiseazaJocuri,2024-06-05 15:28:13
AfiseazaAchizitii,2024-06-05 15:28:13
AfiseazaVenituriTotale,2024-06-05 15:28:13
ImprumutaJoc,2024-06-05 15:28:13
ImprumutaJoc,2024-06-05 15:28:13
ReturneazaJoc,2024-06-05 15:28:13
ReturneazaJoc,2024-06-05 15:28:13
ImprumutaJoc,2024-06-05 15:28:13
ImprumutaJoc,2024-06-05 15:28:13
AdaugaRecenzie,2024-06-05 15:28:13
AdaugaRecenzie,2024-06-05 15:28:13
AdaugaRecenzie,2024-06-05 15:28:13
AdaugaRecenzie,2024-06-05 15:28:13
AdaugaRecenzie,2024-06-05 15:28:13
AfiseazaRecenzii,2024-06-05 15:28:13
CalculeazaRatingMediu,2024-06-05 15:28:13
AfiseazaRecenzii,2024-06-05 15:28:13
CalculeazaRatingMediu,2024-06-05 15:28:13
AdaugaClient,2024-06-05 15:39:27
AdaugaClient,2024-06-05 15:39:27
AdaugaClient,2024-06-05 15:39:27
AdaugaClient,2024-06-05 15:39:27
AdaugaClient,2024-06-05 15:39:27
AdaugaJoc,2024-06-05 15:39:27
AdaugaJoc,2024-06-05 15:39:27
AdaugaJoc,2024-06-05 15:39:27
AdaugaJoc,2024-06-05 15:39:27
AdaugaJoc,2024-06-05 15:39:27
AdaugaJoc,2024-06-05 15:39:27
AdaugaPromotie,2024-06-05 15:39:27
AdaugaPromotie,2024-06-05 15:39:27
AdaugaPromotie,2024-06-05 15:39:27
AdaugaPromotie,2024-06-05 15:39:27
AdaugaPromotie,2024-06-05 15:39:27
AdaugaAchizitie,2024-06-05 15:39:27
AdaugaAchizitie,2024-06-05 15:39:27
AdaugaAchizitie,2024-06-05 15:39:27
AdaugaAchizitie,2024-06-05 15:39:27
AdaugaAchizitie,2024-06-05 15:39:27
AplicaPromotie,2024-06-05 15:39:27
AplicaPromotie,2024-06-05 15:39:27
AplicaPromotie,2024-06-05 15:39:27
AplicaPromotie,2024-06-05 15:39:27
AfiseazaClienti,2024-06-05 15:39:27
AfiseazaJocuri,2024-06-05 15:39:27
AfiseazaAchizitii,2024-06-05 15:39:27
AfiseazaVenituriTotale,2024-06-05 15:39:27
ImprumutaJoc,2024-06-05 15:39:27
ImprumutaJoc,2024-06-05 15:39:27
ReturneazaJoc,2024-06-05 15:39:27
ReturneazaJoc,2024-06-05 15:39:27
ImprumutaJoc,2024-06-05 15:39:27
ImprumutaJoc,2024-06-05 15:39:27
AdaugaRecenzie,2024-06-05 15:39:27
AdaugaRecenzie,2024-06-05 15:39:27
AdaugaRecenzie,2024-06-05 15:39:27
AdaugaRecenzie,2024-06-05 15:39:27
AdaugaRecenzie,2024-06-05 15:39:27
AfiseazaRecenzii,2024-06-05 15:39:27
CalculeazaRatingMediu,2024-06-05 15:39:27
AfiseazaRecenzii,2024-06-05 15:39:27
CalculeazaRatingMediu,2024-06-05 15:39:27
AdaugaClient,2024-06-05 15:52:24
AdaugaClient,2024-06-05 15:52:24
AdaugaClient,2024-06-05 15:52:24
AdaugaClient,2024-06-05 15:52:24
AdaugaClient,2024-06-05 15:52:24
AdaugaJoc,2024-06-05 15:52:24
AdaugaJoc,2024-06-05 15:52:24
AdaugaJoc,2024-06-05 15:52:24
AdaugaJoc,2024-06-05 15:52:24
AdaugaJoc,2024-06-05 15:52:24
AdaugaJoc,2024-06-05 15:52:24
AdaugaPromotie,2024-06-05 15:52:24
AdaugaPromotie,2024-06-05 15:52:24
AdaugaPromotie,2024-06-05 15:52:24
AdaugaPromotie,2024-06-05 15:52:24
AdaugaPromotie,2024-06-05 15:52:24
AdaugaAchizitie,2024-06-05 15:52:24
AdaugaAchizitie,2024-06-05 15:52:24
AdaugaAchizitie,2024-06-05 15:52:24
AdaugaAchizitie,2024-06-05 15:52:24
AdaugaAchizitie,2024-06-05 15:52:24
AplicaPromotie,2024-06-05 15:52:24
AplicaPromotie,2024-06-05 15:52:24
AplicaPromotie,2024-06-05 15:52:24
AplicaPromotie,2024-06-05 15:52:24
AfiseazaClienti,2024-06-05 15:52:24
AfiseazaJocuri,2024-06-05 15:52:24
AfiseazaAchizitii,2024-06-05 15:52:24
AfiseazaVenituriTotale,2024-06-05 15:52:24
ImprumutaJoc,2024-06-05 15:52:24
ImprumutaJoc,2024-06-05 15:52:24
ReturneazaJoc,2024-06-05 15:52:24
ReturneazaJoc,2024-06-05 15:52:24
ImprumutaJoc,2024-06-05 15:52:24
ImprumutaJoc,2024-06-05 15:52:24
AdaugaRecenzie,2024-06-05 15:52:24
AdaugaRecenzie,2024-06-05 15:52:24
AdaugaRecenzie,2024-06-05 15:52:24
AdaugaRecenzie,2024-06-05 15:52:24
AdaugaRecenzie,2024-06-05 15:52:24
AfiseazaRecenzii,2024-06-05 15:52:24
CalculeazaRatingMediu,2024-06-05 15:52:24
AfiseazaRecenzii,2024-06-05 15:52:24
CalculeazaRatingMediu,2024-06-05 15:52:24
AdaugaClient,2024-06-05 15:58:55
AdaugaClient,2024-06-05 15:58:55
AdaugaClient,2024-06-05 15:58:55
AdaugaClient,2024-06-05 15:58:55
AdaugaClient,2024-06-05 15:58:55
AdaugaJoc,2024-06-05 15:58:55
AdaugaJoc,2024-06-05 15:58:55
AdaugaJoc,2024-06-05 15:58:55
AdaugaJoc,2024-06-05 15:58:55
AdaugaJoc,2024-06-05 15:58:55
AdaugaJoc,2024-06-05 15:58:55
AdaugaPromotie,2024-06-05 15:58:55
AdaugaPromotie,2024-06-05 15:58:55
AdaugaPromotie,2024-06-05 15:58:55
AdaugaPromotie,2024-06-05 15:58:55
AdaugaPromotie,2024-06-05 15:58:55
AdaugaAchizitie,2024-06-05 15:58:55
AdaugaAchizitie,2024-06-05 15:58:55
AdaugaAchizitie,2024-06-05 15:58:55
AdaugaAchizitie,2024-06-05 15:58:55
AdaugaAchizitie,2024-06-05 15:58:55
AplicaPromotie,2024-06-05 15:58:55
AplicaPromotie,2024-06-05 15:58:55
AplicaPromotie,2024-06-05 15:58:55
AplicaPromotie,2024-06-05 15:58:55
AfiseazaClienti,2024-06-05 15:58:55
AfiseazaJocuri,2024-06-05 15:58:55
AfiseazaAchizitii,2024-06-05 15:58:55
AfiseazaVenituriTotale,2024-06-05 15:58:55
ImprumutaJoc,2024-06-05 15:58:55
ImprumutaJoc,2024-06-05 15:58:55
ReturneazaJoc,2024-06-05 15:58:55
ReturneazaJoc,2024-06-05 15:58:55
ImprumutaJoc,2024-06-05 15:58:55
ImprumutaJoc,2024-06-05 15:58:55
AdaugaRecenzie,2024-06-05 15:58:55
AdaugaRecenzie,2024-06-05 15:58:55
AdaugaRecenzie,2024-06-05 15:58:55
AdaugaRecenzie,2024-06-05 15:58:55
AdaugaRecenzie,2024-06-05 15:58:55
AfiseazaRecenzii,2024-06-05 15:58:55
CalculeazaRatingMediu,2024-06-05 15:58:55
AfiseazaRecenzii,2024-06-05 15:58:55
CalculeazaRatingMediu,2024-06-05 15:58:55
AdaugaClient,2024-06-05 16:00:43
AdaugaClient,2024-06-05 16:00:43
AdaugaClient,2024-06-05 16:00:43
AdaugaClient,2024-06-05 16:00:43
AdaugaClient,2024-06-05 16:00:43
AdaugaJoc,2024-06-05 16:00:43
AdaugaJoc,2024-06-05 16:00:43
AdaugaJoc,2024-06-05 16:00:43
AdaugaJoc,2024-06-05 16:00:43
AdaugaJoc,2024-06-05 16:00:43
AdaugaJoc,2024-06-05 16:00:43
AdaugaPromotie,2024-06-05 16:00:43
AdaugaPromotie,2024-06-05 16:00:43
AdaugaPromotie,2024-06-05 16:00:43
AdaugaPromotie,2024-06-05 16:00:43
AdaugaPromotie,2024-06-05 16:00:43
AdaugaAchizitie,2024-06-05 16:00:43
AdaugaAchizitie,2024-06-05 16:00:43
AdaugaAchizitie,2024-06-05 16:00:43
AdaugaAchizitie,2024-06-05 16:00:43
AdaugaAchizitie,2024-06-05 16:00:43
AplicaPromotie,2024-06-05 16:00:44
AplicaPromotie,2024-06-05 16:00:44
AplicaPromotie,2024-06-05 16:00:44
AplicaPromotie,2024-06-05 16:00:44
AfiseazaClienti,2024-06-05 16:00:44
AfiseazaJocuri,2024-06-05 16:00:44
AfiseazaAchizitii,2024-06-05 16:00:44
AfiseazaVenituriTotale,2024-06-05 16:00:44
ImprumutaJoc,2024-06-05 16:00:44
ImprumutaJoc,2024-06-05 16:00:44
ReturneazaJoc,2024-06-05 16:00:44
ReturneazaJoc,2024-06-05 16:00:44
ImprumutaJoc,2024-06-05 16:00:44
ImprumutaJoc,2024-06-05 16:00:44
AdaugaRecenzie,2024-06-05 16:00:44
AdaugaRecenzie,2024-06-05 16:00:44
AdaugaRecenzie,2024-06-05 16:00:44
AdaugaRecenzie,2024-06-05 16:00:44
AdaugaRecenzie,2024-06-05 16:00:44
AfiseazaRecenzii,2024-06-05 16:00:44
CalculeazaRatingMediu,2024-06-05 16:00:44
AfiseazaRecenzii,2024-06-05 16:00:44
CalculeazaRatingMediu,2024-06-05 16:00:44
AdaugaClient,2024-06-05 16:01:01
AdaugaClient,2024-06-05 16:01:01
AdaugaClient,2024-06-05 16:01:01
AdaugaClient,2024-06-05 16:01:01
AdaugaClient,2024-06-05 16:01:01
AdaugaJoc,2024-06-05 16:01:01
AdaugaJoc,2024-06-05 16:01:01
AdaugaJoc,2024-06-05 16:01:01
AdaugaJoc,2024-06-05 16:01:01
AdaugaJoc,2024-06-05 16:01:01
AdaugaJoc,2024-06-05 16:01:01
AdaugaPromotie,2024-06-05 16:01:01
AdaugaPromotie,2024-06-05 16:01:01
AdaugaPromotie,2024-06-05 16:01:01
AdaugaPromotie,2024-06-05 16:01:01
AdaugaPromotie,2024-06-05 16:01:01
AdaugaAchizitie,2024-06-05 16:01:02
AdaugaAchizitie,2024-06-05 16:01:02
AdaugaAchizitie,2024-06-05 16:01:02
AdaugaAchizitie,2024-06-05 16:01:02
AplicaPromotie,2024-06-05 16:01:02
AplicaPromotie,2024-06-05 16:01:02
AplicaPromotie,2024-06-05 16:01:02
AfiseazaClienti,2024-06-05 16:01:02
AfiseazaJocuri,2024-06-05 16:01:02
AfiseazaAchizitii,2024-06-05 16:01:02
AfiseazaVenituriTotale,2024-06-05 16:01:02
ImprumutaJoc,2024-06-05 16:01:02
ImprumutaJoc,2024-06-05 16:01:02
ReturneazaJoc,2024-06-05 16:01:02
ReturneazaJoc,2024-06-05 16:01:02
ImprumutaJoc,2024-06-05 16:01:02
ImprumutaJoc,2024-06-05 16:01:02
AdaugaRecenzie,2024-06-05 16:01:02
AdaugaRecenzie,2024-06-05 16:01:02
AdaugaRecenzie,2024-06-05 16:01:02
AdaugaRecenzie,2024-06-05 16:01:02
AdaugaRecenzie,2024-06-05 16:01:02
AfiseazaRecenzii,2024-06-05 16:01:02
CalculeazaRatingMediu,2024-06-05 16:01:02
AfiseazaRecenzii,2024-06-05 16:01:02
CalculeazaRatingMediu,2024-06-05 16:01:02
